,city,lat,lng,country,iso2,admin_name,capital,population,population_proper
0,Berlin,52.5167,13.3833,Germany,DE,Berlin,primary,3644826.0,3644826.0
1,Hamburg,53.55,10.0,Germany,DE,Hamburg,admin,1841179.0,1841179.0
2,Muenchen,48.1372,11.5755,Germany,DE,Bayern,admin,1471508.0,1471508.0
3,Koeln,50.9422,6.9578,Germany,DE,Nordrhein-Westfalen,,1085664.0,1085664.0
4,Frankfurt,50.1136,8.6797,Germany,DE,Hessen,minor,753056.0,753056.0
5,Bremen,53.1153,8.7975,Germany,DE,Bremen,admin,724909.0,546501.0
6,Duesseldorf,51.2311,6.7724,Germany,DE,Nordrhein-Westfalen,admin,645923.0,645923.0
7,Stuttgart,48.7761,9.1775,Germany,DE,Baden-Wuerttemberg,admin,634830.0,634830.0
8,Leipzig,51.3333,12.3833,Germany,DE,Sachsen,minor,593197.0,593197.0
9,Dortmund,51.5139,7.4653,Germany,DE,Nordrhein-Westfalen,minor,587010.0,587010.0
10,Essen,51.4508,7.0131,Germany,DE,Nordrhein-Westfalen,minor,583109.0,583109.0
11,Dresden,51.05,13.74,Germany,DE,Sachsen,admin,556549.0,556549.0
12,Hannover,52.3744,9.7386,Germany,DE,Niedersachsen,admin,538068.0,538068.0
13,Nuremberg,49.4539,11.0775,Germany,DE,Bayern,minor,518365.0,518365.0
14,Duisburg,51.4322,6.7611,Germany,DE,Nordrhein-Westfalen,minor,498590.0,498590.0
15,Bochum,51.4833,7.2167,Germany,DE,Nordrhein-Westfalen,minor,364628.0,364628.0
16,Wuppertal,51.2667,7.1833,Germany,DE,Nordrhein-Westfalen,minor,354382.0,354382.0
17,Bielefeld,52.0167,8.5333,Germany,DE,Nordrhein-Westfalen,minor,333786.0,333786.0
18,Bonn,50.7339,7.0997,Germany,DE,Nordrhein-Westfalen,minor,327258.0,327258.0
19,Muenster,51.9625,7.6256,Germany,DE,Nordrhein-Westfalen,minor,314319.0,314319.0
20,Karlsruhe,49.0167,8.4,Germany,DE,Baden-Wuerttemberg,minor,313092.0,313092.0
21,Mannheim,49.4878,8.4661,Germany,DE,Baden-Wuerttemberg,minor,309370.0,309370.0
22,Augsburg,48.3717,10.8983,Germany,DE,Bayern,minor,295135.0,295135.0
23,Kassel,51.3166,9.4912,Germany,DE,Hessen,minor,289924.0,194501.0
24,Wiesbaden,50.0825,8.24,Germany,DE,Hessen,admin,278342.0,278342.0
25,Moenchengladbach,51.2,6.4333,Germany,DE,Nordrhein-Westfalen,minor,261454.0,261454.0
26,Gelsenkirchen,51.5167,7.1,Germany,DE,Nordrhein-Westfalen,minor,260654.0,260654.0
27,Braunschweig,52.2692,10.5211,Germany,DE,Niedersachsen,minor,248292.0,248292.0
28,Aachen,50.7762,6.0838,Germany,DE,Nordrhein-Westfalen,minor,247380.0,247380.0
29,Kiel,54.3233,10.1394,Germany,DE,Schleswig-Holstein,admin,246794.0,246794.0
30,Chemnitz,50.8333,12.9167,Germany,DE,Sachsen,minor,245403.0,245403.0
31,Halle,51.4828,11.9697,Germany,DE,Sachsen-Anhalt,minor,239257.0,239257.0
32,Magdeburg,52.1278,11.6292,Germany,DE,Sachsen-Anhalt,admin,238697.0,238697.0
33,Freiburg im Breisgau,47.9947,7.8497,Germany,DE,Baden-Wuerttemberg,minor,230241.0,230241.0
34,Krefeld,51.3333,6.5667,Germany,DE,Nordrhein-Westfalen,minor,227020.0,227020.0
35,Mainz,50.0,8.2667,Germany,DE,Rheinland-Pfalz,admin,217118.0,217118.0
36,Luebeck,53.8697,10.6864,Germany,DE,Schleswig-Holstein,minor,216530.0,216530.0
37,Oberhausen,51.4699,6.8514,Germany,DE,Nordrhein-Westfalen,minor,210829.0,210829.0
38,Rostock,54.0833,12.1333,Germany,DE,Mecklenburg-Vorpommern,,208886.0,208886.0
39,Erfurt,50.9787,11.0328,Germany,DE,Thueringen,admin,203254.0,175476.0
40,Hagen,51.3594,7.475,Germany,DE,Nordrhein-Westfalen,minor,188814.0,188814.0
41,Potsdam,52.4,13.0667,Germany,DE,Brandenburg,admin,182219.0,182219.0
42,Saarbruecken,49.2333,7.0,Germany,DE,Saarland,admin,180741.0,180741.0
43,Hamm,51.6667,7.8167,Germany,DE,Nordrhein-Westfalen,minor,179111.0,179111.0
44,Ludwigshafen,49.4811,8.4353,Germany,DE,Rheinland-Pfalz,minor,172253.0,172253.0
45,Muelheim,51.4275,6.8825,Germany,DE,Nordrhein-Westfalen,minor,170880.0,170880.0
46,Oldenburg,53.1439,8.2139,Germany,DE,Niedersachsen,minor,168210.0,168210.0
47,Osnabrueck,52.2789,8.0431,Germany,DE,Niedersachsen,minor,164748.0,164748.0
48,Leverkusen,51.0333,6.9833,Germany,DE,Nordrhein-Westfalen,minor,163838.0,163838.0
49,Heidelberg,49.4122,8.71,Germany,DE,Baden-Wuerttemberg,minor,160355.0,160355.0
50,Solingen,51.1667,7.0833,Germany,DE,Nordrhein-Westfalen,minor,159360.0,159360.0
51,Darmstadt,49.8667,8.65,Germany,DE,Hessen,minor,159207.0,159207.0
52,Herne,51.5426,7.219,Germany,DE,Nordrhein-Westfalen,minor,156374.0,156374.0
53,Neuss,51.2003,6.6939,Germany,DE,Nordrhein-Westfalen,minor,153796.0,153796.0
54,Regensburg,49.0167,12.0833,Germany,DE,Bayern,minor,152610.0,152610.0
55,Paderborn,51.7167,8.7667,Germany,DE,Nordrhein-Westfalen,minor,150580.0,150580.0
56,Ingolstadt,48.7636,11.4261,Germany,DE,Bayern,minor,136981.0,136981.0
57,Wuerzburg,49.7944,9.9294,Germany,DE,Bayern,minor,127880.0,127880.0
58,Fuerth,49.4783,10.9903,Germany,DE,Bayern,minor,127748.0,127748.0
59,Ulm,48.3984,9.9916,Germany,DE,Baden-Wuerttemberg,minor,126329.0,126329.0
60,Heilbronn,49.1404,9.218,Germany,DE,Baden-Wuerttemberg,minor,125960.0,125960.0
61,Pforzheim,48.895,8.705,Germany,DE,Baden-Wuerttemberg,minor,125542.0,125542.0
62,Wolfsburg,52.4231,10.7872,Germany,DE,Niedersachsen,minor,124151.0,124151.0
63,Goettingen,51.5339,9.9356,Germany,DE,Niedersachsen,minor,119801.0,119801.0
64,Bottrop,51.5232,6.9253,Germany,DE,Nordrhein-Westfalen,minor,117383.0,117383.0
65,Reutlingen,48.4833,9.2167,Germany,DE,Baden-Wuerttemberg,minor,115966.0,115966.0
66,Koblenz,50.3597,7.5978,Germany,DE,Rheinland-Pfalz,minor,114024.0,114024.0
67,Bremerhaven,53.55,8.5833,Germany,DE,Bremen,,113634.0,113634.0
68,Recklinghausen,51.6167,7.2,Germany,DE,Nordrhein-Westfalen,minor,112267.0,112267.0
69,Bergisch Gladbach,50.9917,7.1367,Germany,DE,Nordrhein-Westfalen,minor,111966.0,111966.0
70,Erlangen,49.5964,11.0044,Germany,DE,Bayern,minor,111962.0,111962.0
71,Jena,50.9272,11.5864,Germany,DE,Thueringen,minor,111407.0,111407.0
72,Remscheid,51.1802,7.1872,Germany,DE,Nordrhein-Westfalen,minor,110994.0,110994.0
73,Trier,49.7567,6.6414,Germany,DE,Rheinland-Pfalz,minor,110636.0,110636.0
74,Salzgitter,52.1503,10.3593,Germany,DE,Niedersachsen,minor,104948.0,104948.0
75,Moers,51.4592,6.6197,Germany,DE,Nordrhein-Westfalen,,103725.0,103725.0
76,Siegen,50.8756,8.0167,Germany,DE,Nordrhein-Westfalen,minor,102836.0,102836.0
77,Hildesheim,52.15,9.95,Germany,DE,Niedersachsen,minor,101990.0,101990.0
78,Cottbus,51.7606,14.3342,Germany,DE,Brandenburg,minor,100219.0,100219.0
79,Guetersloh,51.9,8.3833,Germany,DE,Nordrhein-Westfalen,minor,100194.0,100194.0
80,Kaiserslautern,49.4447,7.7689,Germany,DE,Rheinland-Pfalz,minor,100030.0,100030.0
81,Witten,51.4333,7.3333,Germany,DE,Nordrhein-Westfalen,,96563.0,96563.0
82,Hanau,50.1328,8.9169,Germany,DE,Hessen,minor,96023.0,96023.0
83,Schwerin,53.6333,11.4167,Germany,DE,Mecklenburg-Vorpommern,admin,95818.0,95818.0
84,Gera,50.8782,12.0824,Germany,DE,Thueringen,minor,94152.0,94152.0
85,Esslingen,48.7406,9.3108,Germany,DE,Baden-Wuerttemberg,minor,93542.0,93542.0
86,Ludwigsburg,48.8975,9.1919,Germany,DE,Baden-Wuerttemberg,minor,93499.0,93499.0
87,Iserlohn,51.3833,7.6667,Germany,DE,Nordrhein-Westfalen,,92666.0,92666.0
88,Dueren,50.8,6.4833,Germany,DE,Nordrhein-Westfalen,minor,90733.0,90733.0
89,Tuebingen,48.52,9.0556,Germany,DE,Baden-Wuerttemberg,minor,90546.0,90546.0
90,Flensburg,54.7819,9.4367,Germany,DE,Schleswig-Holstein,minor,90164.0,90164.0
91,Zwickau,50.7189,12.4961,Germany,DE,Sachsen,minor,89540.0,89540.0
92,Giessen,50.5833,8.6667,Germany,DE,Hessen,minor,88546.0,88546.0
93,Ratingen,51.3,6.85,Germany,DE,Nordrhein-Westfalen,,87297.0,87297.0
94,Luenen,51.6167,7.5167,Germany,DE,Nordrhein-Westfalen,,86348.0,86348.0
95,Villingen-Schwenningen,48.0603,8.4586,Germany,DE,Baden-Wuerttemberg,minor,85181.0,85181.0
96,Konstanz,47.6633,9.1753,Germany,DE,Baden-Wuerttemberg,,84760.0,84760.0
97,Marl,51.6667,7.1167,Germany,DE,Nordrhein-Westfalen,,83941.0,83941.0
98,Worms,49.6319,8.3653,Germany,DE,Rheinland-Pfalz,minor,83330.0,83330.0
99,Velbert,51.34,7.0416,Germany,DE,Nordrhein-Westfalen,,81984.0,81984.0
100,Minden,52.2883,8.9167,Germany,DE,Nordrhein-Westfalen,minor,81682.0,81682.0
101,Dessau-Rosslau,51.8333,12.2333,Germany,DE,Sachsen-Anhalt,minor,81237.0,81237.0
102,Neumuenster,54.0714,9.99,Germany,DE,Schleswig-Holstein,minor,79487.0,79487.0
103,Norderstedt,53.7064,10.0103,Germany,DE,Schleswig-Holstein,,79159.0,79159.0
104,Delmenhorst,53.0506,8.6317,Germany,DE,Niedersachsen,minor,77607.0,77607.0
105,Bamberg,49.8917,10.8917,Germany,DE,Bayern,minor,77592.0,77592.0
106,Viersen,51.2556,6.3917,Germany,DE,Nordrhein-Westfalen,minor,76905.0,76905.0
107,Marburg,50.8167,8.7667,Germany,DE,Hessen,minor,76851.0,76851.0
108,Rheine,52.2833,7.4333,Germany,DE,Nordrhein-Westfalen,,76107.0,76107.0
109,Wilhelmshaven,53.5167,8.1333,Germany,DE,Niedersachsen,minor,76097.0,76097.0
110,Gladbeck,51.5713,6.9827,Germany,DE,Nordrhein-Westfalen,,75687.0,75687.0
111,Lueneburg,53.2525,10.4144,Germany,DE,Niedersachsen,minor,75351.0,75351.0
112,Troisdorf,50.8161,7.1556,Germany,DE,Nordrhein-Westfalen,,74903.0,74903.0
113,Dorsten,51.66,6.9642,Germany,DE,Nordrhein-Westfalen,,74736.0,74736.0
114,Bayreuth,49.9481,11.5783,Germany,DE,Bayern,minor,74657.0,74657.0
115,Detmold,51.9378,8.8833,Germany,DE,Nordrhein-Westfalen,minor,74388.0,74388.0
116,Arnsberg,51.3967,8.0644,Germany,DE,Nordrhein-Westfalen,,73628.0,73628.0
117,Castrop-Rauxel,51.55,7.3167,Germany,DE,Nordrhein-Westfalen,,73425.0,73425.0
118,Luedenscheid,51.2198,7.6273,Germany,DE,Nordrhein-Westfalen,minor,72611.0,72611.0
119,Landshut,48.5397,12.1508,Germany,DE,Bayern,minor,72404.0,72404.0
120,Brandenburg,52.4117,12.5561,Germany,DE,Brandenburg,minor,72124.0,72124.0
121,Bocholt,51.8333,6.6167,Germany,DE,Nordrhein-Westfalen,,71099.0,71099.0
122,Aschaffenburg,49.9757,9.1478,Germany,DE,Bayern,minor,70527.0,70527.0
123,Celle,52.6256,10.0825,Germany,DE,Niedersachsen,minor,69602.0,69602.0
124,Kempten,47.7333,10.3167,Germany,DE,Bayern,minor,68907.0,68907.0
125,Fulda,50.5528,9.6775,Germany,DE,Hessen,minor,68586.0,68586.0
126,Aalen,48.8372,10.0936,Germany,DE,Baden-Wuerttemberg,minor,68456.0,68456.0
127,Lippstadt,51.6667,8.35,Germany,DE,Nordrhein-Westfalen,,67901.0,67901.0
128,Dinslaken,51.5667,6.7333,Germany,DE,Nordrhein-Westfalen,,67525.0,67525.0
129,Herford,52.1146,8.6734,Germany,DE,Nordrhein-Westfalen,minor,66608.0,66608.0
130,Kerpen,50.8719,6.6961,Germany,DE,Nordrhein-Westfalen,,66206.0,66206.0
131,Ruesselsheim,49.995,8.4119,Germany,DE,Hessen,,65440.0,65440.0
132,Weimar,50.9833,11.3167,Germany,DE,Thueringen,minor,65090.0,65090.0
133,Plauen,50.495,12.1383,Germany,DE,Sachsen,minor,64931.0,64931.0
134,Sindelfingen,48.7133,9.0028,Germany,DE,Baden-Wuerttemberg,,64858.0,64858.0
135,Neuwied,50.4286,7.4614,Germany,DE,Rheinland-Pfalz,minor,64574.0,64574.0
136,Dormagen,51.0964,6.84,Germany,DE,Nordrhein-Westfalen,,64335.0,64335.0
137,Neubrandenburg,53.5569,13.2608,Germany,DE,Mecklenburg-Vorpommern,minor,64086.0,64086.0
138,Grevenbroich,51.0883,6.5875,Germany,DE,Nordrhein-Westfalen,,63620.0,63620.0
139,Rosenheim,47.8561,12.1289,Germany,DE,Bayern,minor,63324.0,63324.0
140,Herten,51.6,7.1333,Germany,DE,Nordrhein-Westfalen,,61791.0,61791.0
141,Bergheim,50.9667,6.65,Germany,DE,Nordrhein-Westfalen,minor,61612.0,61612.0
142,Schwaebisch Gmuend,48.8,9.8,Germany,DE,Baden-Wuerttemberg,,61186.0,61186.0
143,Friedrichshafen,47.6542,9.4792,Germany,DE,Baden-Wuerttemberg,,60865.0,60865.0
144,Garbsen,52.4183,9.5981,Germany,DE,Niedersachsen,,60754.0,60754.0
145,Wesel,51.6586,6.6178,Germany,DE,Nordrhein-Westfalen,minor,60357.0,60357.0
146,Huerth,50.8775,6.8761,Germany,DE,Nordrhein-Westfalen,,60189.0,60189.0
147,Offenburg,48.4708,7.9408,Germany,DE,Baden-Wuerttemberg,minor,59646.0,59646.0
148,Stralsund,54.3092,13.0819,Germany,DE,Mecklenburg-Vorpommern,minor,59421.0,59421.0
149,Greifswald,54.0833,13.3833,Germany,DE,Mecklenburg-Vorpommern,minor,59382.0,59382.0
150,Langenfeld,51.1167,6.95,Germany,DE,Nordrhein-Westfalen,,58927.0,58927.0
151,Neu-Ulm,48.3833,10.0,Germany,DE,Bayern,minor,58707.0,58707.0
152,Unna,51.5347,7.6889,Germany,DE,Nordrhein-Westfalen,minor,58633.0,58633.0
153,Euskirchen,50.6613,6.7873,Germany,DE,Nordrhein-Westfalen,minor,57975.0,57975.0
154,Frankfurt (Oder),52.35,14.55,Germany,DE,Brandenburg,minor,57873.0,57873.0
155,Goeppingen,48.7025,9.6528,Germany,DE,Baden-Wuerttemberg,minor,57558.0,57558.0
156,Hameln,52.1031,9.36,Germany,DE,Niedersachsen,minor,57510.0,57510.0
157,Stolberg,50.7667,6.2333,Germany,DE,Nordrhein-Westfalen,,56792.0,56792.0
158,Eschweiler,50.8167,6.2833,Germany,DE,Nordrhein-Westfalen,,56385.0,56385.0
159,Goerlitz,51.1528,14.9872,Germany,DE,Sachsen,minor,56324.0,56324.0
160,Langenhagen,52.4394,9.74,Germany,DE,Niedersachsen,,56288.0,56288.0
161,Meerbusch,51.2667,6.6667,Germany,DE,Nordrhein-Westfalen,,56189.0,56189.0
162,Sankt Augustin,50.77,7.1867,Germany,DE,Nordrhein-Westfalen,,55767.0,55767.0
163,Hilden,51.1714,6.9394,Germany,DE,Nordrhein-Westfalen,,55764.0,55764.0
164,Waiblingen,48.8303,9.3169,Germany,DE,Baden-Wuerttemberg,minor,55449.0,55449.0
165,Baden-Baden,48.7619,8.2408,Germany,DE,Baden-Wuerttemberg,minor,55123.0,55123.0
166,Hattingen,51.3992,7.1858,Germany,DE,Nordrhein-Westfalen,,54562.0,54562.0
167,Lingen,52.5233,7.3172,Germany,DE,Niedersachsen,,54422.0,54422.0
168,Bad Homburg,50.2292,8.6105,Germany,DE,Hessen,minor,54248.0,54248.0
169,Bad Salzuflen,52.0875,8.7506,Germany,DE,Nordrhein-Westfalen,,54127.0,54127.0
170,Pulheim,51.0,6.8,Germany,DE,Nordrhein-Westfalen,,54071.0,54071.0
171,Schweinfurt,50.05,10.2333,Germany,DE,Bayern,,54032.0,54032.0
172,Nordhorn,52.4333,7.0667,Germany,DE,Niedersachsen,minor,53403.0,53403.0
173,Neustadt,49.3443,8.1952,Germany,DE,Rheinland-Pfalz,minor,53148.0,53148.0
174,Wetzlar,50.5667,8.5,Germany,DE,Hessen,minor,52954.0,52954.0
175,Ahlen,51.7633,7.8911,Germany,DE,Nordrhein-Westfalen,,52582.0,52582.0
176,Frechen,50.9167,6.8167,Germany,DE,Nordrhein-Westfalen,,52473.0,52473.0
177,Passau,48.5667,13.4667,Germany,DE,Bayern,minor,52469.0,52469.0
178,Wolfenbuettel,52.1622,10.5369,Germany,DE,Niedersachsen,minor,52174.0,52174.0
179,Ibbenbueren,52.2778,7.7167,Germany,DE,Nordrhein-Westfalen,,51904.0,51904.0
180,Kleve,51.79,6.14,Germany,DE,Nordrhein-Westfalen,minor,51845.0,51845.0
181,Bad Kreuznach,49.8469,7.8669,Germany,DE,Rheinland-Pfalz,minor,50948.0,50948.0
182,Goslar,51.906,10.4292,Germany,DE,Niedersachsen,minor,50753.0,50753.0
183,Gummersbach,51.0333,7.5667,Germany,DE,Nordrhein-Westfalen,minor,50688.0,50688.0
184,Ravensburg,47.7831,9.6114,Germany,DE,Baden-Wuerttemberg,minor,50623.0,50623.0
185,Willich,51.2631,6.5492,Germany,DE,Nordrhein-Westfalen,,50592.0,50592.0
186,Speyer,49.3194,8.4311,Germany,DE,Rheinland-Pfalz,minor,50378.0,50378.0
187,Boeblingen,48.6833,9.0,Germany,DE,Baden-Wuerttemberg,minor,50155.0,50155.0
188,Peine,52.3203,10.2336,Germany,DE,Niedersachsen,minor,49952.0,49952.0
189,Emden,53.3669,7.2061,Germany,DE,Niedersachsen,minor,49913.0,49913.0
190,Elmshorn,53.7547,9.6536,Germany,DE,Schleswig-Holstein,,49883.0,49883.0
191,Erftstadt,50.8167,6.7667,Germany,DE,Nordrhein-Westfalen,,49801.0,49801.0
192,Rastatt,48.8572,8.2031,Germany,DE,Baden-Wuerttemberg,minor,49783.0,49783.0
193,Heidenheim,48.6761,10.1544,Germany,DE,Baden-Wuerttemberg,minor,49526.0,49526.0
194,Loerrach,47.6156,7.6614,Germany,DE,Baden-Wuerttemberg,minor,49347.0,49347.0
195,Leonberg,48.8014,9.0131,Germany,DE,Baden-Wuerttemberg,,48733.0,48733.0
196,Bergkamen,51.6167,7.6333,Germany,DE,Nordrhein-Westfalen,,48725.0,48725.0
197,Bad Oeynhausen,52.2,8.8,Germany,DE,Nordrhein-Westfalen,,48702.0,48702.0
198,Freising,48.4028,11.7489,Germany,DE,Bayern,minor,48634.0,48634.0
199,Rheda-Wiedenbrueck,51.8417,8.3,Germany,DE,Nordrhein-Westfalen,,48505.0,48505.0
200,Cuxhaven,53.8667,8.7,Germany,DE,Niedersachsen,minor,48356.0,48356.0
201,Bornheim,50.7592,7.005,Germany,DE,Nordrhein-Westfalen,,48326.0,48326.0
202,Gronau,52.2125,7.0417,Germany,DE,Nordrhein-Westfalen,,48072.0,48072.0
203,Straubing,48.8772,12.5758,Germany,DE,Bayern,minor,47794.0,47794.0
204,Stade,53.6008,9.4764,Germany,DE,Niedersachsen,minor,47533.0,47533.0
205,Soest,51.5711,8.1092,Germany,DE,Nordrhein-Westfalen,minor,47460.0,47460.0
206,Dachau,48.2603,11.4342,Germany,DE,Bayern,minor,47400.0,47400.0
207,Alsdorf,50.8744,6.1615,Germany,DE,Nordrhein-Westfalen,,47018.0,47018.0
208,Landau,49.1994,8.1231,Germany,DE,Rheinland-Pfalz,minor,46677.0,46677.0
209,Duelmen,51.8308,7.2783,Germany,DE,Nordrhein-Westfalen,,46590.0,46590.0
210,Melle,52.2031,8.3361,Germany,DE,Niedersachsen,,46493.0,46493.0
211,Neunkirchen,49.3448,7.1799,Germany,DE,Saarland,minor,46469.0,46469.0
212,Herzogenrath,50.8667,6.1,Germany,DE,Nordrhein-Westfalen,,46402.0,46402.0
213,Schwerte,51.4458,7.5653,Germany,DE,Nordrhein-Westfalen,,46340.0,46340.0
214,Oberursel,50.2028,8.5769,Germany,DE,Hessen,,46248.0,46248.0
215,Wittenberg,51.8671,12.6484,Germany,DE,Sachsen-Anhalt,minor,46008.0,46008.0
216,Hof,50.3167,11.9167,Germany,DE,Bayern,minor,45930.0,45930.0
217,Filderstadt,48.6667,9.2167,Germany,DE,Baden-Wuerttemberg,,45813.0,45813.0
218,Gotha,50.9489,10.7183,Germany,DE,Thueringen,minor,45733.0,45733.0
219,Fellbach,48.8086,9.2758,Germany,DE,Baden-Wuerttemberg,,45671.0,45671.0
220,Buende,52.2,8.6,Germany,DE,Nordrhein-Westfalen,,45521.0,45521.0
221,Albstadt,48.2119,9.0239,Germany,DE,Baden-Wuerttemberg,,45327.0,45327.0
222,Weinheim,49.5561,8.6697,Germany,DE,Baden-Wuerttemberg,,45284.0,45284.0
223,Rodgau,50.0256,8.8841,Germany,DE,Hessen,,45202.0,45202.0
224,Bruchsal,49.1333,8.6,Germany,DE,Baden-Wuerttemberg,,44644.0,44644.0
225,Oranienburg,52.7544,13.2369,Germany,DE,Brandenburg,minor,44512.0,44512.0
226,Bruehl,50.8333,6.9,Germany,DE,Nordrhein-Westfalen,,44397.0,44397.0
227,Erkrath,51.2239,6.9147,Germany,DE,Nordrhein-Westfalen,,44384.0,44384.0
228,Neustadt am Ruebenberge,52.5055,9.4636,Germany,DE,Niedersachsen,,44282.0,44282.0
229,Lehrte,52.3725,9.9769,Germany,DE,Niedersachsen,,43999.0,43999.0
230,Kaufbeuren,47.88,10.6225,Germany,DE,Bayern,minor,43893.0,43893.0
231,Falkensee,52.5583,13.0917,Germany,DE,Brandenburg,,43838.0,43838.0
232,Memmingen,47.9878,10.1811,Germany,DE,Bayern,minor,43837.0,43837.0
233,Kaarst,51.2278,6.6273,Germany,DE,Nordrhein-Westfalen,,43433.0,43433.0
234,Erkelenz,51.08,6.3156,Germany,DE,Nordrhein-Westfalen,,43364.0,43364.0
235,Pinneberg,53.6591,9.8009,Germany,DE,Schleswig-Holstein,minor,43280.0,43280.0
236,Bietigheim-Bissingen,48.9667,9.1333,Germany,DE,Baden-Wuerttemberg,,43093.0,43093.0
237,Kamen,51.5917,7.6653,Germany,DE,Nordrhein-Westfalen,,42971.0,42971.0
238,Wismar,53.8925,11.465,Germany,DE,Mecklenburg-Vorpommern,minor,42550.0,42550.0
239,Borken,51.8439,6.8583,Germany,DE,Nordrhein-Westfalen,minor,42530.0,42530.0
240,Gifhorn,52.4886,10.5464,Germany,DE,Niedersachsen,minor,42519.0,42519.0
241,Nettetal,51.3167,6.2833,Germany,DE,Nordrhein-Westfalen,,42493.0,42493.0
242,Eisenach,50.9747,10.3244,Germany,DE,Thueringen,minor,42370.0,42370.0
243,Dreieich,50.0189,8.6961,Germany,DE,Hessen,,42091.0,42091.0
244,Aurich,53.4714,7.4836,Germany,DE,Niedersachsen,minor,41991.0,41991.0
245,Amberg,49.4444,11.8483,Germany,DE,Bayern,minor,41970.0,41970.0
246,Heinsberg,51.0631,6.0964,Germany,DE,Nordrhein-Westfalen,minor,41946.0,41946.0
247,Ansbach,49.3,10.5833,Germany,DE,Bayern,minor,41847.0,41847.0
248,Homburg,49.3167,7.3333,Germany,DE,Saarland,minor,41811.0,41811.0
249,Nordhausen,51.505,10.7911,Germany,DE,Thueringen,minor,41791.0,41791.0
250,Wunstorf,52.4238,9.4359,Germany,DE,Niedersachsen,,41594.0,41594.0
251,Seevetal,53.3833,10.0333,Germany,DE,Niedersachsen,,41506.0,41506.0
252,Siegburg,50.8014,7.2044,Germany,DE,Nordrhein-Westfalen,minor,41463.0,41463.0
253,Laatzen,52.3077,9.8133,Germany,DE,Niedersachsen,,41422.0,41422.0
254,Germering,48.1333,11.3667,Germany,DE,Bayern,,41387.0,41387.0
255,Coburg,50.2585,10.9579,Germany,DE,Bayern,minor,41249.0,41249.0
256,Koenigswinter,50.6833,7.1833,Germany,DE,Nordrhein-Westfalen,,41243.0,41243.0
257,Nuertingen,48.6267,9.3353,Germany,DE,Baden-Wuerttemberg,,41093.0,41093.0
258,Freiberg,50.9119,13.3428,Germany,DE,Sachsen,minor,40885.0,40885.0
259,Schwabach,49.3292,11.0208,Germany,DE,Bayern,minor,40792.0,40792.0
260,Lemgo,52.0277,8.9043,Germany,DE,Nordrhein-Westfalen,,40696.0,40696.0
261,Kirchheim unter Teck,48.6483,9.4511,Germany,DE,Baden-Wuerttemberg,,40523.0,40523.0
262,Bensheim,49.6811,8.6228,Germany,DE,Hessen,,40456.0,40456.0
263,Schwaebisch Hall,49.1122,9.7375,Germany,DE,Baden-Wuerttemberg,minor,40440.0,40440.0
264,Weissenfels,51.2,11.9667,Germany,DE,Sachsen-Anhalt,,40409.0,40409.0
265,Pirmasens,49.2,7.6,Germany,DE,Rheinland-Pfalz,minor,40403.0,40403.0
266,Eberswalde,52.8331,13.8331,Germany,DE,Brandenburg,minor,40387.0,40387.0
267,Halberstadt,51.8958,11.0467,Germany,DE,Sachsen-Anhalt,minor,40256.0,40256.0
268,Buxtehude,53.4769,9.7011,Germany,DE,Niedersachsen,,40150.0,40150.0
269,Leinfelden-Echterdingen,48.6928,9.1428,Germany,DE,Baden-Wuerttemberg,,40092.0,40092.0
270,Neumarkt,49.2833,11.4667,Germany,DE,Bayern,minor,40002.0,40002.0
271,Hueckelhoven,51.0608,6.2197,Germany,DE,Nordrhein-Westfalen,,39931.0,39931.0
272,Hofheim,50.0876,8.4447,Germany,DE,Hessen,minor,39766.0,39766.0
273,Loehne,52.2,8.7,Germany,DE,Nordrhein-Westfalen,,39697.0,39697.0
274,Schorndorf,48.8,9.5333,Germany,DE,Baden-Wuerttemberg,,39634.0,39634.0
275,Stendal,52.6,11.85,Germany,DE,Sachsen-Anhalt,minor,39439.0,39439.0
276,Freital,51.0167,13.65,Germany,DE,Sachsen,,39405.0,39405.0
277,Voelklingen,49.25,6.8333,Germany,DE,Saarland,,39374.0,39374.0
278,Ettlingen,48.9333,8.4,Germany,DE,Baden-Wuerttemberg,,39339.0,39339.0
279,Ostfildern,48.7228,9.2631,Germany,DE,Baden-Wuerttemberg,,39321.0,39321.0
280,Maintal,50.15,8.8333,Germany,DE,Hessen,,39298.0,39298.0
281,Buchholz in der Nordheide,53.3285,9.8621,Germany,DE,Niedersachsen,,39272.0,39272.0
282,Ahaus,52.0794,7.0134,Germany,DE,Nordrhein-Westfalen,,39223.0,39223.0
283,Ilmenau,50.6872,10.9142,Germany,DE,Thueringen,,39017.0,39017.0
284,Mettmann,51.25,6.9667,Germany,DE,Nordrhein-Westfalen,minor,38829.0,38829.0
285,Wuerselen,50.8247,6.1275,Germany,DE,Nordrhein-Westfalen,,38712.0,38712.0
286,Bitterfeld,51.6167,12.3167,Germany,DE,Sachsen,,38475.0,38475.0
287,Bautzen,51.1814,14.4239,Germany,DE,Sachsen,minor,38329.0,38329.0
288,Pirna,50.9622,13.9403,Germany,DE,Sachsen,minor,38316.0,38316.0
289,Niederkassel,50.8167,7.0333,Germany,DE,Nordrhein-Westfalen,,38218.0,38218.0
290,Langen,49.9893,8.6803,Germany,DE,Hessen,,37902.0,37902.0
291,Greven,52.0917,7.6083,Germany,DE,Nordrhein-Westfalen,,37692.0,37692.0
292,Fuerstenfeldbruck,48.1778,11.2556,Germany,DE,Bayern,minor,37677.0,37677.0
293,Neu Isenburg,50.0558,8.6971,Germany,DE,Hessen,,37668.0,37668.0
294,Papenburg,53.0667,7.4,Germany,DE,Niedersachsen,,37579.0,37579.0
295,Kamp-Lintfort,51.5,6.5333,Germany,DE,Nordrhein-Westfalen,,37391.0,37391.0
296,Backnang,48.9464,9.4306,Germany,DE,Baden-Wuerttemberg,,37253.0,37253.0
297,Warendorf,51.9539,7.9933,Germany,DE,Nordrhein-Westfalen,minor,37226.0,37226.0
298,Koenigs Wusterhausen,52.2917,13.625,Germany,DE,Brandenburg,,37190.0,37190.0
299,Suhl,50.6106,10.6931,Germany,DE,Thueringen,minor,36955.0,36955.0
300,Beckum,51.7558,8.0408,Germany,DE,Nordrhein-Westfalen,,36646.0,36646.0
301,Erding,48.3001,11.9082,Germany,DE,Bayern,minor,36469.0,36469.0
302,Coesfeld,51.9458,7.1675,Germany,DE,Nordrhein-Westfalen,minor,36217.0,36217.0
303,Muehlhausen,51.2167,10.45,Germany,DE,Thueringen,minor,36200.0,36200.0
304,Wesseling,50.8207,6.9786,Germany,DE,Nordrhein-Westfalen,,36146.0,36146.0
305,Kehl,48.5711,7.8089,Germany,DE,Baden-Wuerttemberg,,36089.0,36089.0
306,Emsdetten,52.1728,7.5344,Germany,DE,Nordrhein-Westfalen,,36012.0,36012.0
307,Tuttlingen,47.985,8.8233,Germany,DE,Baden-Wuerttemberg,minor,35730.0,35730.0
308,Sankt Ingbert,49.3,7.1167,Germany,DE,Saarland,,35714.0,35714.0
309,Porta Westfalica,52.2167,8.9333,Germany,DE,Nordrhein-Westfalen,,35671.0,35671.0
310,Sinsheim,49.25,8.8833,Germany,DE,Baden-Wuerttemberg,,35442.0,35442.0
311,Meppen,52.6906,7.291,Germany,DE,Niedersachsen,minor,35373.0,35373.0
312,Limburg,50.3833,8.0667,Germany,DE,Hessen,minor,35243.0,35243.0
313,Ingelheim,49.9747,8.0564,Germany,DE,Rheinland-Pfalz,minor,35146.0,35146.0
314,Lage,51.9833,8.8,Germany,DE,Nordrhein-Westfalen,,35047.0,35047.0
315,Cloppenburg,52.8478,8.0439,Germany,DE,Niedersachsen,minor,34913.0,34913.0
316,Winsen,53.3667,10.2167,Germany,DE,Niedersachsen,minor,34896.0,34896.0
317,Moerfelden-Walldorf,49.9896,8.5661,Germany,DE,Hessen,,34828.0,34828.0
318,Wermelskirchen,51.1392,7.2051,Germany,DE,Nordrhein-Westfalen,,34765.0,34765.0
319,Datteln,51.6539,7.3417,Germany,DE,Nordrhein-Westfalen,,34614.0,34614.0
320,Kempen,51.3658,6.4194,Germany,DE,Nordrhein-Westfalen,,34597.0,34597.0
321,Saarlouis,49.3167,6.75,Germany,DE,Saarland,minor,34552.0,34552.0
322,Leer,53.2308,7.4528,Germany,DE,Niedersachsen,minor,34486.0,34486.0
323,Seelze,52.3961,9.5981,Germany,DE,Niedersachsen,,34442.0,34442.0
324,Crailsheim,49.1347,10.0706,Germany,DE,Baden-Wuerttemberg,,34400.0,34400.0
325,Barsinghausen,52.3031,9.4606,Germany,DE,Niedersachsen,,34234.0,34234.0
326,Balingen,48.2731,8.8506,Germany,DE,Baden-Wuerttemberg,minor,34217.0,34217.0
327,Zweibruecken,49.2494,7.3608,Germany,DE,Rheinland-Pfalz,minor,34209.0,34209.0
328,Viernheim,49.538,8.5792,Germany,DE,Hessen,,34175.0,34175.0
329,Steinfurt,52.1504,7.3366,Germany,DE,Nordrhein-Westfalen,minor,34084.0,34084.0
330,Merseburg,51.3544,11.9928,Germany,DE,Sachsen-Anhalt,minor,34080.0,34080.0
331,Hemer,51.3833,7.7667,Germany,DE,Nordrhein-Westfalen,,34080.0,34080.0
332,Dietzenbach,50.0086,8.7756,Germany,DE,Hessen,,34019.0,34019.0
333,Radebeul,51.1033,13.67,Germany,DE,Sachsen,,34008.0,34008.0
334,Bad Vilbel,50.1781,8.7361,Germany,DE,Hessen,,33990.0,33990.0
335,Geldern,51.5197,6.3325,Germany,DE,Nordrhein-Westfalen,,33836.0,33836.0
336,Goch,51.6839,6.1619,Germany,DE,Nordrhein-Westfalen,,33825.0,33825.0
337,Kornwestheim,48.8597,9.185,Germany,DE,Baden-Wuerttemberg,,33803.0,33803.0
338,Stuhr,53.0167,8.75,Germany,DE,Niedersachsen,,33678.0,33678.0
339,Uelzen,52.9647,10.5658,Germany,DE,Niedersachsen,minor,33614.0,33614.0
340,Deggendorf,48.8353,12.9644,Germany,DE,Bayern,minor,33585.0,33585.0
341,Wedel,53.5833,9.7,Germany,DE,Schleswig-Holstein,,33547.0,33547.0
342,Ahrensburg,53.6747,10.2411,Germany,DE,Schleswig-Holstein,,33472.0,33472.0
343,Rheinfelden (Baden),47.5611,7.7917,Germany,DE,Baden-Wuerttemberg,,33074.0,33074.0
344,Korschenbroich,51.1833,6.5167,Germany,DE,Nordrhein-Westfalen,,33066.0,33066.0
345,Biberach,48.0981,9.7886,Germany,DE,Baden-Wuerttemberg,minor,32938.0,32938.0
346,Wernigerode,51.835,10.7853,Germany,DE,Sachsen-Anhalt,,32733.0,32733.0
347,Bernburg,51.8,11.7333,Germany,DE,Sachsen-Anhalt,minor,32674.0,32674.0
348,Juelich,50.9222,6.3583,Germany,DE,Nordrhein-Westfalen,,32632.0,32632.0
349,Lampertheim,49.5942,8.4671,Germany,DE,Hessen,,32537.0,32537.0
350,Vechta,52.7306,8.2886,Germany,DE,Niedersachsen,minor,32433.0,32433.0
351,Naumburg,51.1521,11.8098,Germany,DE,Sachsen-Anhalt,minor,32402.0,32402.0
352,Forchheim,49.7197,11.0581,Germany,DE,Bayern,minor,32171.0,32171.0
353,Bad Nauheim,50.3667,8.75,Germany,DE,Hessen,,32163.0,32163.0
354,Hoyerswerda,51.4331,14.25,Germany,DE,Sachsen,,32123.0,32123.0
355,Altenburg,50.985,12.4333,Germany,DE,Thueringen,minor,32074.0,32074.0
356,Delbrueck,51.7667,8.5667,Germany,DE,Nordrhein-Westfalen,,31949.0,31949.0
357,Fuerstenwalde,52.3667,14.0667,Germany,DE,Brandenburg,,31941.0,31941.0
358,Achim,53.013,9.033,Germany,DE,Niedersachsen,,31911.0,31911.0
359,Itzehoe,53.925,9.5164,Germany,DE,Schleswig-Holstein,minor,31879.0,31879.0
360,Georgsmarienhuette,52.2031,8.0447,Germany,DE,Niedersachsen,,31827.0,31827.0
361,Herrenberg,48.5967,8.8708,Germany,DE,Baden-Wuerttemberg,,31545.0,31545.0
362,Oer-Erkenschwick,51.6422,7.2508,Germany,DE,Nordrhein-Westfalen,,31442.0,31442.0
363,Radolfzell am Bodensee,47.7369,8.9697,Germany,DE,Baden-Wuerttemberg,,31203.0,31203.0
364,Kreuztal,50.962,8.0064,Germany,DE,Nordrhein-Westfalen,,31187.0,31187.0
365,Ganderkesee,53.0358,8.5483,Germany,DE,Niedersachsen,,31137.0,31137.0
366,Rheinberg,51.5467,6.6006,Germany,DE,Nordrhein-Westfalen,,31097.0,31097.0
367,Bramsche,52.4089,7.9728,Germany,DE,Niedersachsen,,30952.0,30952.0
368,Neuruppin,52.9222,12.8,Germany,DE,Brandenburg,minor,30846.0,30846.0
369,Einbeck,51.8167,9.8667,Germany,DE,Niedersachsen,,30826.0,30826.0
370,Werl,51.5528,7.9139,Germany,DE,Nordrhein-Westfalen,,30772.0,30772.0
371,Schoenebeck,52.0167,11.75,Germany,DE,Sachsen-Anhalt,,30720.0,30720.0
372,Burgdorf,52.4438,10.0078,Germany,DE,Niedersachsen,,30699.0,30699.0
373,Gevelsberg,51.3265,7.3559,Germany,DE,Nordrhein-Westfalen,,30695.0,30695.0
374,Weyhe,52.9936,8.8733,Germany,DE,Niedersachsen,,30669.0,30669.0
375,Geesthacht,53.4375,10.3675,Germany,DE,Schleswig-Holstein,,30551.0,30551.0
376,Haan,51.1931,7.0131,Germany,DE,Nordrhein-Westfalen,,30484.0,30484.0
377,Lohmar,50.8415,7.2166,Germany,DE,Nordrhein-Westfalen,,30363.0,30363.0
378,Osterholz-Scharmbeck,53.2269,8.7947,Germany,DE,Niedersachsen,minor,30300.0,30300.0
379,Weil am Rhein,47.5947,7.6108,Germany,DE,Baden-Wuerttemberg,,30175.0,30175.0
380,Ennepetal,51.3021,7.3425,Germany,DE,Nordrhein-Westfalen,,30075.0,30075.0
381,Riesa,51.3081,13.2939,Germany,DE,Sachsen,,30054.0,30054.0
382,Taunusstein,50.1435,8.1606,Germany,DE,Hessen,,30005.0,30005.0
383,Andernach,50.4397,7.4017,Germany,DE,Rheinland-Pfalz,,29966.0,29966.0
384,Meschede,51.3503,8.2836,Germany,DE,Nordrhein-Westfalen,minor,29921.0,29921.0
385,Schwedt (Oder),53.0631,14.2831,Germany,DE,Brandenburg,,29920.0,29920.0
386,Friedberg,48.35,10.9833,Germany,DE,Bayern,,29810.0,29810.0
387,Bad Hersfeld,50.8683,9.7067,Germany,DE,Hessen,minor,29800.0,29800.0
388,Gaggenau,48.8039,8.3194,Germany,DE,Baden-Wuerttemberg,,29777.0,29777.0
389,Merzig,49.4471,6.6312,Germany,DE,Saarland,minor,29745.0,29745.0
390,Neuburg,48.7333,11.1833,Germany,DE,Bayern,minor,29682.0,29682.0
391,Werve,51.6667,7.6167,Germany,DE,Nordrhein-Westfalen,,29662.0,29662.0
392,Vaihingen an der Enz,48.9328,8.9564,Germany,DE,Baden-Wuerttemberg,,29467.0,29467.0
393,Rietberg,51.8,8.4333,Germany,DE,Nordrhein-Westfalen,,29466.0,29466.0
394,Saalfeld,50.6506,11.3542,Germany,DE,Thueringen,minor,29457.0,29457.0
395,Bretten,49.0364,8.7061,Germany,DE,Baden-Wuerttemberg,,29412.0,29412.0
396,Waltrop,51.6236,7.3972,Germany,DE,Nordrhein-Westfalen,,29345.0,29345.0
397,Oelde,51.8258,8.1436,Germany,DE,Nordrhein-Westfalen,,29326.0,29326.0
398,Toenisvorst,51.3208,6.4931,Germany,DE,Nordrhein-Westfalen,,29306.0,29306.0
399,Guestrow,53.7939,12.1764,Germany,DE,Mecklenburg-Vorpommern,minor,29241.0,29241.0
400,Friedberg,50.3353,8.755,Germany,DE,Hessen,minor,29180.0,29180.0
401,Landsberg,48.0528,10.8689,Germany,DE,Bayern,minor,29132.0,29132.0
402,Northeim,51.7067,10.0011,Germany,DE,Niedersachsen,minor,29107.0,29107.0
403,Kelkheim (Taunus),50.138,8.4525,Germany,DE,Hessen,,29055.0,29055.0
404,Springe,52.2167,9.55,Germany,DE,Niedersachsen,,28951.0,28951.0
405,Unterschleissheim,48.2833,11.5667,Germany,DE,Bayern,,28907.0,28907.0
406,Buehl,48.6953,8.135,Germany,DE,Baden-Wuerttemberg,,28900.0,28900.0
407,Schwandorf,49.3236,12.0993,Germany,DE,Bayern,minor,28828.0,28828.0
408,Hoexter,51.7667,9.3667,Germany,DE,Nordrhein-Westfalen,minor,28824.0,28824.0
409,Roesrath,50.9,7.1833,Germany,DE,Nordrhein-Westfalen,,28693.0,28693.0
410,Bad Zwischenahn,53.1836,8.0097,Germany,DE,Niedersachsen,,28596.0,28596.0
411,Schwelm,51.2904,7.2972,Germany,DE,Nordrhein-Westfalen,minor,28542.0,28542.0
412,Rendsburg,54.3044,9.6644,Germany,DE,Schleswig-Holstein,minor,28470.0,28470.0
413,Winnenden,48.8764,9.3978,Germany,DE,Baden-Wuerttemberg,,28339.0,28339.0
414,Bad Neuenahr-Ahrweiler,50.5447,7.1133,Germany,DE,Rheinland-Pfalz,minor,28251.0,28251.0
415,Grimma,51.2386,12.7253,Germany,DE,Sachsen,,28180.0,28180.0
416,Wegberg,51.1333,6.2667,Germany,DE,Nordrhein-Westfalen,,28175.0,28175.0
417,Geislingen an der Steige,48.6244,9.8306,Germany,DE,Baden-Wuerttemberg,,28122.0,28122.0
418,Koenigsbrunn,48.2689,10.8908,Germany,DE,Bayern,,28076.0,28076.0
419,Henstedt-Ulzburg,53.7833,10.0,Germany,DE,Schleswig-Holstein,,28070.0,28070.0
420,Meissen,51.1636,13.4775,Germany,DE,Sachsen,minor,28044.0,28044.0
421,Leichlingen,51.1167,7.0167,Germany,DE,Nordrhein-Westfalen,,28031.0,28031.0
422,Kevelaer,51.5833,6.25,Germany,DE,Nordrhein-Westfalen,,28021.0,28021.0
423,Zeitz,51.0478,12.1383,Germany,DE,Sachsen-Anhalt,,27955.0,27955.0
424,Emmendingen,48.1214,7.8492,Germany,DE,Baden-Wuerttemberg,minor,27882.0,27882.0
425,Blankenfelde,52.35,13.4,Germany,DE,Brandenburg,,27837.0,27837.0
426,Sundern,51.3167,8.0,Germany,DE,Nordrhein-Westfalen,,27802.0,27802.0
427,Baunatal,51.2589,9.4183,Germany,DE,Hessen,,27750.0,27750.0
428,Reinbek,53.5089,10.2483,Germany,DE,Schleswig-Holstein,,27649.0,27649.0
429,Mechernich,50.6,6.65,Germany,DE,Nordrhein-Westfalen,,27598.0,27598.0
430,Hattersheim,50.0697,8.4862,Germany,DE,Hessen,,27590.0,27590.0
431,Wetter (Ruhr),51.3881,7.395,Germany,DE,Nordrhein-Westfalen,,27441.0,27441.0
432,Griesheim,49.8594,8.5525,Germany,DE,Hessen,,27435.0,27435.0
433,Arnstadt,50.8342,10.9464,Germany,DE,Thueringen,minor,27304.0,27304.0
434,Aschersleben,51.75,11.4667,Germany,DE,Sachsen-Anhalt,,27220.0,27220.0
435,Geilenkirchen,50.9653,6.1194,Germany,DE,Nordrhein-Westfalen,,27214.0,27214.0
436,Rheinbach,50.6256,6.9491,Germany,DE,Nordrhein-Westfalen,,27063.0,27063.0
437,Overath,50.9328,7.2839,Germany,DE,Nordrhein-Westfalen,,27040.0,27040.0
438,Baesweiler,50.9,6.1833,Germany,DE,Nordrhein-Westfalen,,27033.0,27033.0
439,Leimen,49.3481,8.6911,Germany,DE,Baden-Wuerttemberg,,26968.0,26968.0
440,Wangen im Allgaeu,47.6858,9.8342,Germany,DE,Baden-Wuerttemberg,,26905.0,26905.0
441,Schloss Holte-Stukenbrock,51.8833,8.6167,Germany,DE,Nordrhein-Westfalen,,26776.0,26776.0
442,Lohne,52.6667,8.2386,Germany,DE,Niedersachsen,,26762.0,26762.0
443,Wiesloch,49.2942,8.6983,Germany,DE,Baden-Wuerttemberg,,26758.0,26758.0
444,Hamminkeln,51.7319,6.5908,Germany,DE,Nordrhein-Westfalen,,26739.0,26739.0
445,Strausberg,52.5808,13.8814,Germany,DE,Brandenburg,,26587.0,26587.0
446,Lauf,49.5103,11.2772,Germany,DE,Bayern,minor,26515.0,26515.0
447,Neckarsulm,49.1917,9.2244,Germany,DE,Baden-Wuerttemberg,,26492.0,26492.0
448,Heiligenhaus,51.3265,6.971,Germany,DE,Nordrhein-Westfalen,,26335.0,26335.0
449,Sangerhausen,51.4667,11.3,Germany,DE,Sachsen-Anhalt,minor,26297.0,26297.0
450,Hennigsdorf,52.6378,13.2036,Germany,DE,Brandenburg,,26272.0,26272.0
451,Ehingen an der Donau,48.2833,9.7236,Germany,DE,Baden-Wuerttemberg,,26259.0,26259.0
452,Butzbach,50.4367,8.6622,Germany,DE,Hessen,,26197.0,26197.0
453,Nordenham,53.5,8.4667,Germany,DE,Niedersachsen,,26193.0,26193.0
454,Hohen Neuendorf,52.6667,13.2831,Germany,DE,Brandenburg,,26159.0,26159.0
455,Ludwigsfelde,52.2997,13.2667,Germany,DE,Brandenburg,,26112.0,26112.0
456,Muehlacker,48.95,8.8392,Germany,DE,Baden-Wuerttemberg,,26076.0,26076.0
457,Heppenheim,49.6415,8.645,Germany,DE,Hessen,minor,26023.0,26023.0
458,Selm,51.6833,7.4833,Germany,DE,Nordrhein-Westfalen,,26011.0,26011.0
459,Weiterstadt,49.9,8.6,Germany,DE,Hessen,,25975.0,25975.0
460,Pfaffenhofen,48.5333,11.5167,Germany,DE,Bayern,minor,25917.0,25917.0
461,Kulmbach,50.1,11.4333,Germany,DE,Bayern,minor,25915.0,25915.0
462,Sankt Wendel,49.4667,7.1667,Germany,DE,Saarland,minor,25862.0,25862.0
463,Teltow,52.4022,13.2706,Germany,DE,Brandenburg,,25825.0,25825.0
464,Bad Honnef am Rhein,50.645,7.2269,Germany,DE,Nordrhein-Westfalen,,25816.0,25816.0
465,Helmstedt,52.2281,11.0106,Germany,DE,Niedersachsen,minor,25728.0,25728.0
466,Bingen am Rhein,49.9669,7.895,Germany,DE,Rheinland-Pfalz,,25659.0,25659.0
467,Achern,48.6314,8.0739,Germany,DE,Baden-Wuerttemberg,,25630.0,25630.0
468,Zirndorf,49.45,10.95,Germany,DE,Bayern,,25596.0,25596.0
469,Roth,49.2461,11.0911,Germany,DE,Bayern,,25593.0,25593.0
470,Lennestadt,51.1236,8.0681,Germany,DE,Nordrhein-Westfalen,,25503.0,25503.0
471,Verl,51.8831,8.5167,Germany,DE,Nordrhein-Westfalen,,25498.0,25498.0
472,Lindau,47.5458,9.6839,Germany,DE,Bayern,,25490.0,25490.0
473,Luebbecke,52.3081,8.6231,Germany,DE,Nordrhein-Westfalen,,25490.0,25490.0
474,Rinteln,52.1906,9.0814,Germany,DE,Niedersachsen,,25484.0,25484.0
475,Brilon,51.3956,8.5678,Germany,DE,Nordrhein-Westfalen,,25417.0,25417.0
476,Stassfurt,51.8667,11.5667,Germany,DE,Sachsen-Anhalt,,25385.0,25385.0
477,Zittau,50.8961,14.8072,Germany,DE,Sachsen,,25381.0,25381.0
478,Plettenberg,51.2128,7.8715,Germany,DE,Nordrhein-Westfalen,,25318.0,25318.0
479,Gross-Gerau,49.9214,8.4818,Germany,DE,Hessen,minor,25302.0,25302.0
480,Schleswig,54.5153,9.5697,Germany,DE,Schleswig-Holstein,minor,25276.0,25276.0
481,Geretsried,47.8667,11.4667,Germany,DE,Bayern,,25275.0,25275.0
482,Rottweil,48.1681,8.6247,Germany,DE,Baden-Wuerttemberg,minor,25274.0,25274.0
483,Friedrichsdorf,50.2569,8.6418,Germany,DE,Hessen,,25194.0,25194.0
484,Petershagen,52.3833,8.9667,Germany,DE,Nordrhein-Westfalen,,25168.0,25168.0
485,Pfungstadt,49.8056,8.6044,Germany,DE,Hessen,,25151.0,25151.0
486,Bad Oldesloe,53.8117,10.3742,Germany,DE,Schleswig-Holstein,minor,24744.0,24744.0
487,Olpe,51.0289,7.8514,Germany,DE,Nordrhein-Westfalen,minor,24688.0,24688.0
488,Rathenow,52.6,12.3333,Germany,DE,Brandenburg,minor,24309.0,24309.0
489,Senftenberg,51.5167,14.0167,Germany,DE,Brandenburg,minor,24275.0,24275.0
490,Meiningen,50.55,10.4167,Germany,DE,Thueringen,minor,24233.0,24233.0
491,Waldshut-Tiengen,47.6231,8.2144,Germany,DE,Baden-Wuerttemberg,minor,24226.0,24226.0
492,Sonneberg,50.35,11.1667,Germany,DE,Thueringen,minor,23830.0,23830.0
493,Salzwedel,52.85,11.15,Germany,DE,Sachsen-Anhalt,minor,23655.0,23655.0
494,Calw,48.7144,8.7375,Germany,DE,Baden-Wuerttemberg,minor,23590.0,23590.0
495,Korbach,51.2719,8.8731,Germany,DE,Hessen,minor,23581.0,23581.0
496,Starnberg,47.9972,11.3406,Germany,DE,Bayern,minor,23498.0,23498.0
497,Freudenstadt,48.4633,8.4111,Germany,DE,Baden-Wuerttemberg,minor,23442.0,23442.0
498,Mosbach,49.35,9.1333,Germany,DE,Baden-Wuerttemberg,minor,23398.0,23398.0
499,Husum,54.4769,9.0511,Germany,DE,Schleswig-Holstein,minor,23189.0,23189.0
500,Westerstede,53.25,7.9167,Germany,DE,Niedersachsen,minor,22778.0,22778.0
501,Burg,52.2725,11.855,Germany,DE,Sachsen-Anhalt,minor,22478.0,22478.0
502,Weilheim,47.8333,11.1333,Germany,DE,Bayern,minor,22477.0,22477.0
503,Bad Kissingen,50.2,10.0667,Germany,DE,Bayern,minor,22444.0,22444.0
504,Stadthagen,52.3247,9.2069,Germany,DE,Niedersachsen,minor,22247.0,22247.0
505,Apolda,51.0247,11.5139,Germany,DE,Thueringen,minor,22012.0,22012.0
506,Heide,54.1961,9.0933,Germany,DE,Schleswig-Holstein,minor,21852.0,21852.0
507,Osterode,51.7286,10.2522,Germany,DE,Niedersachsen,minor,21731.0,21731.0
508,Kitzingen,49.7333,10.1667,Germany,DE,Bayern,minor,21704.0,21704.0
509,Sonthofen,47.5142,10.2817,Germany,DE,Bayern,minor,21541.0,21541.0
510,Sondershausen,51.3667,10.8667,Germany,DE,Thueringen,minor,21513.0,21513.0
511,Aichach,48.45,11.1333,Germany,DE,Bayern,minor,21434.0,21434.0
512,Germersheim,49.2167,8.3667,Germany,DE,Rheinland-Pfalz,minor,20779.0,20779.0
513,Guenzburg,48.4525,10.2711,Germany,DE,Bayern,minor,20707.0,20707.0
514,Luckenwalde,52.0831,13.1667,Germany,DE,Brandenburg,minor,20522.0,20522.0
515,Traunstein,47.8683,12.6433,Germany,DE,Bayern,minor,20520.0,20520.0
516,Muehldorf,48.2456,12.5228,Germany,DE,Bayern,minor,20323.0,20323.0
517,Wittmund,53.5747,7.7808,Germany,DE,Niedersachsen,minor,20321.0,20321.0
518,Bad Salzungen,50.8117,10.2333,Germany,DE,Thueringen,minor,20244.0,20244.0
519,Lichtenfels,50.1333,11.0333,Germany,DE,Bayern,minor,20133.0,20133.0
520,Greiz,50.6547,12.1997,Germany,DE,Thueringen,minor,20103.0,20103.0
521,Donauwoerth,48.7184,10.777,Germany,DE,Bayern,minor,20080.0,20080.0
522,Torgau,51.5603,13.0056,Germany,DE,Sachsen,minor,20065.0,20065.0
523,Holzminden,51.8297,9.4483,Germany,DE,Niedersachsen,minor,19998.0,19998.0
524,Dingolfing,48.6333,12.5,Germany,DE,Bayern,minor,19839.0,19839.0
525,Annaberg-Buchholz,50.58,13.0022,Germany,DE,Sachsen,minor,19769.0,19769.0
526,Eschwege,51.1881,10.0528,Germany,DE,Hessen,minor,19606.0,19606.0
527,Haldensleben,52.2833,11.4167,Germany,DE,Sachsen-Anhalt,minor,19247.0,19247.0
528,Soemmerda,51.1617,11.1169,Germany,DE,Thueringen,minor,19034.0,19034.0
529,Prenzlau,53.3167,13.8667,Germany,DE,Brandenburg,minor,19024.0,19024.0
530,Wittlich,49.9869,6.8897,Germany,DE,Rheinland-Pfalz,minor,18995.0,18995.0
531,Dillingen,48.5667,10.4667,Germany,DE,Bayern,minor,18978.0,18978.0
532,Bad Toelz,47.7603,11.5567,Germany,DE,Bayern,minor,18802.0,18802.0
533,Marktoberdorf,47.7667,10.6167,Germany,DE,Bayern,minor,18539.0,18539.0
534,Alzey,49.7517,8.1161,Germany,DE,Rheinland-Pfalz,minor,18535.0,18535.0
535,Bad Duerkheim,49.4618,8.1724,Germany,DE,Rheinland-Pfalz,minor,18476.0,18476.0
536,Weissenburg,49.0306,10.9719,Germany,DE,Bayern,minor,18464.0,18464.0
537,Bad Reichenhall,47.7247,12.8769,Germany,DE,Bayern,minor,18278.0,18278.0
538,Forst (Lausitz),51.7333,14.6333,Germany,DE,Brandenburg,minor,18164.0,18164.0
539,Parchim,53.4167,11.8333,Germany,DE,Mecklenburg-Vorpommern,minor,18037.0,18037.0
540,Sigmaringen,48.0867,9.2164,Germany,DE,Baden-Wuerttemberg,minor,17278.0,17278.0
541,Bad Segeberg,53.9356,10.3089,Germany,DE,Schleswig-Holstein,minor,17267.0,17267.0
542,Heilbad Heiligenstadt,51.3775,10.1344,Germany,DE,Thueringen,minor,17105.0,17105.0
543,Eutin,54.1378,10.6181,Germany,DE,Schleswig-Holstein,minor,16971.0,16971.0
544,Cham,49.2183,12.6658,Germany,DE,Bayern,minor,16907.0,16907.0
545,Diepholz,52.6072,8.3711,Germany,DE,Niedersachsen,minor,16882.0,16882.0
546,Kronach,50.2411,11.3281,Germany,DE,Bayern,minor,16874.0,16874.0
547,Kelheim,48.9167,11.8667,Germany,DE,Bayern,minor,16714.0,16714.0
548,Bad Neustadt,50.3219,10.2161,Germany,DE,Bayern,minor,15411.0,15411.0
549,Kuenzelsau,49.2833,9.6833,Germany,DE,Baden-Wuerttemberg,minor,15391.0,15391.0
550,Mindelheim,48.0333,10.4667,Germany,DE,Bayern,minor,15002.0,15002.0
551,Brake,53.3333,8.4833,Germany,DE,Niedersachsen,minor,14965.0,14965.0
552,Bitburg,49.9747,6.5256,Germany,DE,Rheinland-Pfalz,minor,14904.0,14904.0
553,Ratzeburg,53.7017,10.7567,Germany,DE,Schleswig-Holstein,minor,14652.0,14652.0
554,Jever,53.5744,7.9008,Germany,DE,Niedersachsen,minor,14301.0,14301.0
555,Luebben (Spreewald),51.95,13.9,Germany,DE,Brandenburg,minor,14024.0,14024.0
556,Montabaur,50.4375,7.8258,Germany,DE,Rheinland-Pfalz,minor,13691.0,13691.0
557,Erbach,49.6569,8.9931,Germany,DE,Hessen,minor,13666.0,13666.0
558,Lauterbach,50.6378,9.3944,Germany,DE,Hessen,minor,13664.0,13664.0
559,Hassfurt,50.0353,10.5123,Germany,DE,Bayern,minor,13609.0,13609.0
560,Eichstaett,48.8919,11.1839,Germany,DE,Bayern,minor,13525.0,13525.0
561,Tauberbischofsheim,49.6225,9.6628,Germany,DE,Baden-Wuerttemberg,minor,13231.0,13231.0
562,Neustadt,49.58,10.6089,Germany,DE,Bayern,minor,13121.0,13121.0
563,Pfarrkirchen,48.4419,12.9443,Germany,DE,Bayern,minor,12677.0,12677.0
564,Ebersberg,48.0833,11.9667,Germany,DE,Bayern,minor,12239.0,12239.0
565,Perleberg,53.0667,11.8667,Germany,DE,Brandenburg,minor,12141.0,12141.0
566,Bad Fallingbostel,52.8675,9.6967,Germany,DE,Niedersachsen,minor,11852.0,11852.0
567,Hildburghausen,50.4261,10.7289,Germany,DE,Thueringen,minor,11836.0,11836.0
568,Miesbach,47.789,11.8338,Germany,DE,Bayern,minor,11562.0,11562.0
569,Bad Schwalbach,50.1401,8.0694,Germany,DE,Hessen,minor,11187.0,11187.0
570,Regen,48.97,13.1264,Germany,DE,Bayern,minor,11001.0,11001.0
571,Eisenberg,50.9667,11.9,Germany,DE,Thueringen,minor,10885.0,10885.0
572,Altoetting,48.2264,12.6759,Germany,DE,Bayern,minor,10119.0,10119.0
573,Bad Ems,50.3381,7.7106,Germany,DE,Rheinland-Pfalz,minor,9681.0,9681.0
574,Luechow,52.9667,11.15,Germany,DE,Niedersachsen,minor,9437.0,9437.0
575,Miltenberg,49.7039,9.2644,Germany,DE,Bayern,minor,9355.0,9355.0
576,Wunsiedel,50.0374,11.9994,Germany,DE,Bayern,minor,9259.0,9259.0
577,Herzberg,51.6831,13.2331,Germany,DE,Brandenburg,minor,9027.0,9027.0
578,Ploen,54.1622,10.4214,Germany,DE,Schleswig-Holstein,minor,8914.0,8914.0
579,Schleiz,50.5833,11.8167,Germany,DE,Thueringen,minor,8854.0,8854.0
580,Tirschenreuth,49.8789,12.3369,Germany,DE,Bayern,minor,8707.0,8707.0
581,Beeskow,52.1667,14.25,Germany,DE,Brandenburg,minor,8042.0,8042.0
582,Daun,50.1986,6.8319,Germany,DE,Rheinland-Pfalz,minor,7974.0,7974.0
583,Simmern,49.9833,7.5167,Germany,DE,Rheinland-Pfalz,minor,7950.0,7950.0
584,Kirchheimbolanden,49.6664,8.0117,Germany,DE,Rheinland-Pfalz,minor,7802.0,7802.0
585,Freyung,48.8075,13.5475,Germany,DE,Bayern,minor,7166.0,7166.0
586,Birkenfeld,49.65,7.1833,Germany,DE,Rheinland-Pfalz,minor,6984.0,6984.0
587,Altenkirchen,50.6872,7.6456,Germany,DE,Rheinland-Pfalz,minor,6263.0,6263.0
588,Neustadt,49.7306,12.1706,Germany,DE,Bayern,minor,5727.0,5727.0
589,Seelow,52.5167,14.3831,Germany,DE,Brandenburg,minor,5426.0,5426.0
590,Kusel,49.5347,7.3981,Germany,DE,Rheinland-Pfalz,minor,5405.0,5405.0
591,Cochem,50.1469,7.1667,Germany,DE,Rheinland-Pfalz,minor,5312.0,5312.0
592,Offenbach,50.1006,8.7665,Germany,DE,Hessen,minor,,
593,Frankenthal,49.5436,8.3639,Germany,DE,Rheinland-Pfalz,minor,,
594,Weiden,49.6768,12.1561,Germany,DE,Bayern,minor,,
595,Nienburg,52.6461,9.2208,Germany,DE,Niedersachsen,minor,,
596,Verden,52.9234,9.2349,Germany,DE,Niedersachsen,minor,,
597,Koethen,51.7518,11.9709,Germany,DE,Sachsen-Anhalt,minor,,
598,Rotenburg,53.1113,9.4108,Germany,DE,Niedersachsen,minor,,
599,Karlstadt,49.9603,9.7724,Germany,DE,Bayern,minor,,
600,Neustadt,49.5656,8.8437,Germany,DE,Hessen,minor,,
601,Homberg,51.0299,9.4026,Germany,DE,Hessen,minor,,
602,Garmisch-Partenkirchen,47.4921,11.0958,Germany,DE,Bayern,minor,,
